"keywords","_col1"
"macbook air sleeve","0"
"hair clips for women","0"
"4ft christmas tree","0"
"barbie doll","0"
"fuji 9 dental cement","0"
"aucma stand mixer","0"
"wireless headphones","0"
"snake bedding","0"
"baking set","0"
"oral b toothbrush head","0"
"huawei tablet","0"
"dummy","0"
"russian piping nozzles set","0"
"tassimo","0"
"cowboy hat","0"
"car racing track","0"
"bread lame","0"
"hue outdoor lights","0"
"dutch oven","0"
"dumbbell set","0"
"flash drive 128gb","0"
"black kettle","0"
"mum gifts","0"
"lanyards","0"
"kitchen bin","0"
"lol surprise doll","0"
"indian spice tin","0"
"roller blinds","0"
"leonardo","0"
"weights for women","0"
"women's lingerie sets","0"
"blue light shades ceiling","0"
"squishmallow unicorn","0"
"alcohol drinks","0"
"drum set","0"
"tree star","0"
"joint care supplements","0"
"3-6 months boys clothes","0"
"kids fireman costume","0"
"stove top kettle","0"
"star wars puzzle","0"
"gym bench","0"
"ssd","0"
"ring sizer","0"
"kids armchair","0"
"black cargo pants","0"
"radiator","0"
"scrabble tiles","0"
"spray adhesive","0"
"ride on car","0"
"womens joggers size 12","0"
"console tables","0"
"gourmet spice company","0"
"babylon berlin","0"
"magic the gathering","0"
"battery charger","0"
"electric fire suite","0"
"tumeric","0"
"usb mouse","0"
"xbox games","0"
"men work socks","0"
"desktop lamp","0"
"garmin venu sq","0"
"in car phone holder","0"
"trinket","0"
"baskets to make hampers","0"
"gifts for 11 year old boys","0"
"floor seat","0"
"books for 3 year olds","0"
"charlotte tilbury makeup","0"
"caramac","0"
"jack ryan season 1","0"
"excersize bikes","0"
"milwaukee","0"
"calvin klein trunks","0"
"nintendo switch just dance 2020","0"
"galaxy advent calendar 2020","0"
"dolls bed","0"
"tin of chocolates","0"
"football kit for kids","0"
"friend gifts","0"
"baby walkers for boys 6 months","0"
"kerastase blond absolu","0"
"scone cutters","0"
"jurassic world pyjamas","0"
"silver chain necklace for women","0"
"hells kitchen","0"
"candelabra","0"
"polaroid camera","0"
"coconut oil for dogs","0"
"concealers","0"
"usb bike light","0"
"magnesium and zinc supplements","0"
"google pixel 5","0"
"beard apron","0"
"cat blankets","0"
"salted caramel syrup","0"
"baby nose cleaner","0"
"maternity belly bands & support","0"
"monster energy merchandise","0"
"alexa bulbs","0"
"converse all star women","0"
"crochet hooks","0"
"thor fancy dress","0"
"pokemon advent calendar","0"
"pampas grass artificial","0"
"clanlands","0"
"ninja foodie","0"
"hot tub chlorine tablets","0"
"eyebrow pencil","0"
"wooden toys","0"
"mortar and pestal","0"
"hammock stand","0"
"3d printers","0"
"vitamin d for kids 6-12","0"
"black crocs","0"
"merge cube - hold virtual 3d objects using augmented reality, stem tool for learning science at home or in the classroom (1 pack)","0"
"jamaican black castor oil","0"
"jean paul gaultier le male","0"
"white feather christmas tree decorations","0"
"small photo frame","0"
"damascus knife","0"
"kitchenaid","0"
"jerry can","0"
"amazon fire 7","0"
"cat advent calendar","0"
"aqua shoes","0"
"funko pop spiderman","0"
"eggs","0"
"selena gomez","0"
"bubblegum machine","0"
"masks for virus protection","0"
"wera screwdrivers","0"
"samsung a51","0"
"childrens paint brushes","0"
"drinks bottle","0"
"nerf elite 2.0","0"
"mens pajama set","0"
"brass door handles","0"
"havana club rum","0"
"iphone tripod","0"
"animal games","0"
"heavy duty refuse sacks","0"
"yankee candles","0"
"macbook air","0"
"keyrings","0"
"memory stick","0"
"heartbeat","0"
"hot pot cooker electric","0"
"phones landline","0"
"l necklace","0"
"white christmas tree skirt","0"
"embroidery stand","0"
"the button book","0"
"kettle and toaster set","0"
"baby & toddler formula","0"
"ashtrays","0"
"ink master","0"
"samsung galaxy a3 phone case","0"
"adhd fidget toys","0"
"tom waits","0"
"galaxy advent calendar","0"
"google fit watch","0"
"alexa 2nd generation","0"
"books for 10 year old girls","0"
"grey","0"
"nanami wireless charger 10w","0"
"servers","0"
"far cry","0"
"disney traditions figurines","0"
"magnetic dartboard","0"
"comics","0"
"ice cream","0"
"braun thermometers","0"
"bed topper double","0"
"beverage refrigerators","0"
"clay cutters","0"
"samsung s10 plus charger","0"
"rhubarb and custard sweets","0"
"brow tint","0"
"victorian farm","0"
"terrarium","0"
"school book bag","0"
"tvs cheap","0"
"birthday decoration set","0"
"steam voucher","0"
"pvc pipe","0"
"lazy spa filter","0"
"erotia books for women","0"
"tennis elbow support","0"
"superdry","0"
"red raspberry leaf tea","0"
"clinique gift sets for women","0"
"hiking socks","0"
"romper","0"
"toy trains","0"
"landline phones","0"
"self adhesive photo albums","0"
"peppa pig stickers","0"
"loreal shampoo and conditioner","0"
"star light projector","0"
"steve berry","0"
"harry styles mug","0"
"smart football","0"
"spiderman web shooter","0"
"hyrule warriors switch","0"
"oregon scientific weather station","0"
"girls clothes 6-7 years","0"
"miniature gin","0"
"ladies nightdress","0"
"bathroom ceiling extractor fan","0"
"saving missy","0"
"hair combs slides for women","0"
"birdhouses","0"
"5g","0"
"ipad keyboard","0"
"clock digital","0"
"bags","0"
"stretched canvas","0"
"spear","0"
"christmas eve","0"
"powera spectra enhanced illuminated wired controller for xbox one","0"
"grandma mug","0"
"detox foot patches","0"
"christmas battery lights","0"
"quality street chocolates","0"
"motorola phone","0"
"ringfit adventure switch","0"
"white clothes rail","0"
"politics","0"
"spongebob dvd","0"
"telescope for kids","0"
"audio books for adults","0"
"lol omg","0"
"drawers","0"
"poppers","0"
"bobble","0"
"toys 6 year old girl","0"
"leather keyring","0"
"bottle warmer","0"
"magnus","0"
"crop top","0"
"touch lamp","0"
"womens moccasin slippers","0"
"dementia gifts","0"
"frosted window film","0"
"the kite runner","0"
"oral b 2000 electric toothbrush","0"
"maskie face mask","0"
"iphone 11 red","0"
"birthday card dad","0"
"thermal gloves for men","0"
"loreal infallible","0"
"webcam ring light","0"
"motorbike face masks","0"
"christmas decorations lights","0"
"penny board","0"
"can crushers for recycling","0"
"roasting tin cookbook","0"
"cancel order","0"
"flash speedmop","0"
"mens boxer shorts","0"
"32gb ram ddr4 3600mhz","0"
"waste paper bin","0"
"1 pound items","0"
"swa","0"
"reusable masks","0"
"how spies think","0"
"rose gold candles","0"
"girls gift sets for teenager","0"
"brushed cotton fitted sheet","0"
"draw with rob","0"
"c920","0"
"green roasting tin","0"
"nintendo switch games zelda","0"
"badminton rackets","0"
"hot dogs","0"
"womens shower gel","0"
"diamond drill bit","0"
"placemats and coaster sets 4","0"
"febreze","0"
"black mascara","0"
"jet washers","0"
"sausage dog gifts","0"
"b6 vitamins","0"
"pc lighting","0"
"galaxy vegan","0"
"rick riordan","0"
"star window lights","0"
"hugo boss underwear men","0"
"laser tag","0"
"pre stretched braiding hair","0"
"a5 photo frames","0"
"snowflake multitool","0"
"peppermint extract","0"
"ferrite core","0"
"cross-stitch kits","0"
"age 3 girls toys","0"
"madeira wine","0"
"man up","0"
"le toy van","0"
"money","0"
"astral cream","0"
"comfy blanket hoodie","0"
"bodum travel mug","0"
"toberlerone","0"
"sex dolls","0"
"jellyfish tank","0"
"hand wash","0"
"face paint set","0"
"lol surprise omg dolls","0"
"glasses set","0"
"shoes for women","0"
"tall folding stool","0"
"how to win friends and influence people","0"
"fitbit charge 3 strap for women","0"
"dresses for women","0"
"acrylic sheets","0"
"pringles advent calendar","0"
"2 cup cafetiere","0"
"stabilisers","0"
"gloves disposable medium","0"
"bracelet maker","0"
"surface dock","0"
"selection boxes pack","0"
"the sopranos","0"
"small shelf","0"
"etch a sketch for 2 year olds","0"
"philips hue play","0"
"iphone x phone case","0"
"atlas","0"
"mens hat","0"
"watchdogs legion ps4","0"
"mastic gun","0"
"tile covers","0"
"toilet fresheners","0"
"headphones wired","0"
"threading toys","0"
"kelloggs","0"
"super mario 3d world","0"
"fake money","0"
"dyson v8 battery","0"
"travel cot mattress","0"
"cool gadgets for kids","0"
"lockable diary","0"
"gold cocktail shaker","0"
"my brothers destroyer","0"
"green buttons","0"
"slippers size 6","0"
"freeview boxes","0"
"jbl speaker","0"
"dolls house people","0"
"ear wax remover candles","0"
"desk chair no wheels","0"
"arundhati roy","0"
"battle bites","0"
"square toilet seat","0"
"green duvet cover double","0"
"kids oodies","0"
"go glam","0"
"gregg hurwitz","0"
"raw king size rolling papers","0"
"marble tray","0"
"apple usb c cable","0"
"galaxy buds plus","0"
"lazy susan","0"
"werchristmas","0"
"bluetooth headset","0"
"samsung note 20 ultra case","0"
"wellington boots ladies","0"
"dog hair remover","0"
"back to school","0"
"240v to 12v adapter","0"
"slimline dishwasher","0"
"acer 314 chromebook","0"
"christmas tshirts women","0"
"remote control holder","0"
"led gel nail lamp","0"
"womens socks size 4-7","0"
"timberland boots women's","0"
"hydrogen peroxide","0"
"christmas table cloth","0"
"king size mattress protector","0"
"aptamil 1","0"
"anthracite radiators","0"
"oil burners","0"
"food bin","0"
"massage oil","0"
"usb extension lead","0"
"head torch","0"
"swear jar","0"
"pipes for smoking weed","0"
"king size bed frame","0"
"scentsy","0"
"battery powered tea lights","0"
"lord of the rings lego","0"
"acoustic guitar strings","0"
"mini advent calendar fillers","0"
"solar christmas lights outdoor","0"
"winsor & newton series 7 -miniature","0"
"tenet dvd","0"
"dark rum","0"
"cat5e","0"
"john lennon","0"
"lego harry potter","0"
"oxygen saturation monitor","0"
"fly catcher","0"
"face masks disposable uk","0"
"promise ring","0"
"rocking chair cushions","0"
"unicorn toys","0"
"gillette sensor excel","0"
"women's dungarees","0"
"webcam with microphone for pc","0"
"corsair","0"
"waterproof eyeliner","0"
"g.skill","0"
"dressing table stool","0"
"cupcake toppers","0"
"sd cards","0"
"wall folding desk table","0"
"boys pyjamas","0"
"2032 batteries","0"
"giant lindt ball","0"
"elsa styling head","0"
"clear box","0"
"hp chromebook 11","0"
"rubber bands","0"
"vogue","0"
"fleece pyjamas","0"
"silver jewellery for women","0"
"minnie mouse","0"
"black lanyard","0"
"single bed with mattress included","0"
"hollywood vanity mirror","0"
"chocolate raisins","0"
"hive","0"
"25cm storage box","0"
"fortnite birthday card","0"
"gaviscon advance","0"
"japanese gin","0"
"card scraper","0"
"makeup sets","0"
"furniture sliders","0"
"rum gift set","0"
"wire fencing","0"
"postman pat","0"
"helium balloon canister","0"
"bluetooth speaker","0"
"inflatable bed","0"
"vax carpet cleaner shampoo","0"
"hair styling accessories","0"
"nilfisk pressure washer","0"
"faith in nature","0"
"lamp","0"
"sented. candles","0"
"led strip lights with remote 20m","0"
"made to stick","0"
"coffee sweets","0"
"echo show 8","0"
"bath bombs with jewellery inside","0"
"canon 80d","0"
"nail base coat","0"
"rechargeable batteries aaa","0"
"log into my account","0"
"pajamas set for women","0"
"jan van haasteren","0"
"wh-1000xm3","0"
"womens work shoes","0"
"floor is lava","0"
"over chair tables for disabled","0"
"tissues box","0"
"car colouring book","0"
"tap cover","0"
"tomato knife","0"
"guns for kids","0"
"adult stocking fillers","0"
"superking duvet","0"
"cocktail shaker","0"
"treasure chest","0"
"dental cement","0"
"gordons gin","0"
"tulle roll","0"
"lego friend","0"
"infrared sauna","0"
"mindfullness gift sets for women","0"
"kids sewing kit","0"
"kong","0"
"matcha whisk","0"
"farm animals","0"
"interfacing for sewing","0"
"jewellery set","0"
"bayonet light bulb 60w","0"
"barbie gymnastics","0"
"tena pads for women","0"
"shampoos & conditioners for dogs","0"
"king cole","0"
"birdy","0"
"moto g8 plus","0"
"xmas gifts for women","0"
"morphe palette","0"
"toilet unit","0"
"smirnoff vodka 1litre","0"
"reading glasses 1.0","0"
"merino wool socks","0"
"neck supports","0"
"white polo shirt","0"
"boys' sleepwear & robes","0"
"usb headset with microphone for pc","0"
"apple corer","0"
"the internship","0"
"carly obd","0"
"lg cx oled","0"
"blissy pillowcase","0"
"round brush","0"
"work chair","0"
"highchairs","0"
"nurf. guns","0"
"playdoh","0"
"vape liquid with nicotine","0"
"busy board","0"
"hockey socks","0"
"fairy doors","0"
"ice maker uk","0"
"joe bonamassa royal tea","0"
"tree skirts","0"
"amazon devices sale","0"
"xiaomi redmi note 8 pro","0"
"garden hose","0"
"beast quest","0"
"little mermaid","0"
"shortbread biscuits","0"
"santa mask","0"
"sloth gifts","0"
"custard creams","0"
"snowflake light","0"
"nintendo switch fifa 21","0"
"nerf gun sniper","0"
"hula hoop","0"
"skytech blaze ii gaming computer pc desktop ? ryzen 5 2600 6-core 3.4 ghz, nvidia geforce gtx 1660 ti 6g, 500g ssd, 8gb ddr4, rgb, ac wifi, windows 10 home 64-bit","0"
"table sauces & condiments","0"
"satay sauce","0"
"dr who blu ray","0"
"grinch","0"
"lush cosmetics","0"
"christmas tree led","0"
"front door lights","0"
"camera film 35mm colour","0"
"plastic mixing bowl","0"
"lion king toys","0"
"christmas flowers artificial","0"
"cloud shelves","0"
"snowflake tool","0"
"mpow m30","0"
"drill sets in case","0"
"10th birthday decorations for boys","0"
"tv lights","0"
"cheese knife set","0"
"garage shelving","0"
"bay window curtain pole","0"
"120 film","0"
"xbox controller skin","0"
"sympathy gift","0"
"fire tv stick","0"
"shredded paper","0"
"kids books free","0"
"oak shelves","0"
"cliff richard book","0"
"always pan","0"
"4k monitor gaming","0"
"sports watch","0"
"helium balloon","0"
"vegetable slicer","0"
"nightmare before christmas monopoly","0"
"snoopy gifts","0"
"rose gold ceiling light","0"
"christmas lego","0"
"locks","0"
"boot","0"
"cigarette lighter splitter","0"
"car interior lighting","0"
"sweets hamper","0"
"smudge sticks","0"
"soup bowls","0"
"unibond","0"
"tyre depth gauge uk","0"
"schitt's creek","0"
"hot chocolate mugs","0"
"swag","0"
"men's thermal underwear","0"
"dictionary","0"
"kracken rum","0"
"socket covers","0"
"frank zappa","0"
"parka jacket womens","0"
"2020 christmas tree decorations","0"
"bosch coffee machine","0"
"elvis presley gifts","0"
"sticker printer machine","0"
"nailers & staplers","0"
"weather stations with outdoor sensor wireless","0"
"french bulldog gifts","0"
"special friend christmas card","0"
"shark gifts","0"
"jeffrey archer new book 2020","0"
"male masturbation","0"
"black pendant light fitting","0"
"mens christmas shirt","0"
"pink desk chair","0"
"l'occitane","0"
"oreo tassimo pods","0"
"nappies size 0","0"
"leather office chair","0"
"makeup mirror with led lights","0"
"game controller pc","0"
"loreal clay masks","0"
"wacom drawing tablet","0"
"nyx lipstick","0"
"yours","0"
"white feathers for baubles","0"
"compression socks","0"
"crane toy","0"
"pokemon booster pack","0"
"12v 3a power supply","0"
"lush bath bomb gift set","0"
"xbox live gold","0"
"xbox seriss x","0"
"brother sewing machine","0"
"canvas belt","0"
"wax machine hair removal kit","0"
"giant bike","0"
"lego friendship bus","0"
"christmas window decorations stickers","0"
"mattress protector single","0"
"golf mug","0"
"long sleeve running top men","0"
"moisturiser for men","0"
"watch stand","0"
"school shoes for girls","0"
"ciroc","0"
"winter candle","0"
"boys 20 inch bike","0"
"cheap gifts under 5 pounds","0"
"wooden laptop stand","0"
"children camera","0"
"hole punch","0"
"mask filter","0"
"rinse aid dishwasher","0"
"fiberglass repair kits","0"
"thomas the tank engine books","0"
"xboz","0"
"apple tea","0"
"drill chuck","0"
"baby ride on","0"
"mens nike hoodie","0"
"joico moisture recovery","0"
"pc camera with microphone","0"
"ladle spoon","0"
"christmas face masks for adults uk","0"
"behaviour charts for children","0"
"christmas gnome decoration","0"
"antivirus","0"
"beds, bedding & furniture for dogs","0"
"thermopro","0"
"mini fridge for bedrooms quiet","0"
"christmas fireplace decorations","0"
"single wardrobe","0"
"viper","0"
"good housekeeping cookery book","0"
"baby bum","0"
"scoobydoo","0"
"juno","0"
"working for it: a house flipping rom com (cook brothers book 5)","0"
"cradle cap","0"
"hp officejet 7510","0"
"xiaomi watch","0"
"moss for wreaths","0"
"velvet cushions","0"
"coloured dot stickers","0"
"black mini fridge","0"
"glass rig","0"
"infable bed","0"
"marvel figures 12 inch","0"
"merrell moab 2 gtx mens","0"
"butterfly","0"
"puppy coats","0"
"mens jeans 34 waist 32 leg","0"
"dyson battery","0"
"yorkshire vet","0"
"hp envy 17","0"
"mandalorian funko pop","0"
"accident book","0"
"wifi boosters for home","0"
"telescopic window cleaning poles","0"
"aftershave men gift set sale","0"
"medjool dates","0"
"multi pen","0"
"blink outdoor camera","0"
"peppa pig play doh","0"
"detective pikachu","0"
"me to you diary 2021","0"
"butterfly decorations","0"
"broadband cable","0"
"only love is real brian weiss","0"
"brolene eye ointment","0"
"lee stafford","0"
"polystyrene balls for craft","0"
"logitech g pro","0"
"apple pencil (2nd generation)","0"
"toddler hat and gloves","0"
"antrum","0"
"rechargeable household batteries","0"
"115mm metal cutting discs","0"
"foam roll","0"
"nail tips","0"
"huion kamvas","0"
"black socks","0"
"external security camera","0"
"razer cynosa lite","0"
"heated jacket womens","0"
"waterbottle","0"
"rose mcclelland","0"
"smartwatch","0"
"white and gold baubles","0"
"fifa 21 switch","0"
"wigs for women human hair","0"
"small kitchen bin","0"
"chanel coco mademoiselle","0"
"pine cone christmas tree decorations","0"
"novelty gifts for kids","0"
"latest cd releases 2020","0"
"bicycle lights","0"
"wizard of oz gifts","0"
"craft sets for girls","0"
"camping heaters for tents","0"
"baby remote control toy","0"
"black clock","0"
"xmas dvd","0"
"megalodon monster truck","0"
"exercise bikes for home use","0"
"mister maker","0"
"kids waterproof trousers","0"
"personalised balloon","0"
"baby gift box","0"
"skylanders xbox one","0"
"8x12 picture frame","0"
"nintendo eshop","0"
"stranger things socks","0"
"barbed wire","0"
"pregnancy tea","0"
"beautiful boy","0"
"kids single duvet set","0"
"toca world","0"
"usb c to usb a","0"
"coming to america 4k","0"
"playstation fifa 21","0"
"hot wheels id cars","0"
"gingerbread kit","0"
"cockapoo","0"
"the ne","0"
"beats wireless earphone","0"
"pjs for men","0"
"arm and hammer toothpaste","0"
"playstation 5 accessories","0"
"shower seats wall mounted","0"
"tammy","0"
"totem bin","0"
"blood bowl","0"
"adult party games","0"
"fish nets for tanks","0"
"rectangle cake board","0"
"trackmaster","0"
"travel hairdryer","0"
"grey roman blind","0"
"fat balls","0"
"front door christmas decorations","0"
"garlic sauce","0"
"magnets for fridge","0"
"windows 10 key","0"
"rose gold balloon","0"
"installment payment products","0"
"vacuum bottle","0"
"william boyd","0"
"hair mask for damaged hair","0"
"single bed sheet","0"
"rose gold tree decorations","0"
"dog christmas stocking","0"
"water filter cartridges","0"
"xiaomi mi 10t lite case","0"
"g9 led","0"
"tassimo pod disc holder","0"
"panda mug","0"
"novelty fishing gifts","0"
"grouse whisky","0"
"crossbody bag","0"
"christmas lanterns","0"
"saker contour gauge","0"
"corpse bride","0"
"high chair baby","0"
"fishnets for women","0"
"gifts for family","0"
"yankee candle midsummers night","0"
"maca root","0"
"reolink camera","0"
"kpop","0"
"mabeline conclear","0"
"roblox advent calendar","0"
"toddler bath","0"
"metal cutter","0"
"child lock","0"
"waiters friend","0"
"poppy bracelet","0"
"aa rechargeable batteries","0"
"tana french the searcher","0"
"poppit fidget toy","0"
"cardboard letter box","0"
"vegan hamper","0"
"aprin","0"
"james","0"
"watering can outdoor","0"
"refillable perfume bottle","0"
"lego minions","0"
"charlie and lola","0"
"cat slippers women","0"
"riser recliner chair","0"
"cooking gadgets","0"
"men's underwear","0"
"baby basket of gifts","0"
"5 burner gas hob","0"
"head and shoulders","0"
"child toilet reducer","0"
"hotter shoes for women","0"
"quotes","0"
"jones wall clock","0"
"yankee burner","0"
"tv 43 inch smart","0"
"lets sing nintendo switch","0"
"the binding","0"
"kate atkinson","0"
"willow creek","0"
"n64 console","0"
"cat cone","0"
"running top","0"
"homeland","0"
"pre rolled cones","0"
"kashmiri chilli powder","0"
"milwaukee tool box","0"
"pajamas for girls","0"
"digital photo frame 10 inch","0"
"the avengers","0"
"dark circles","0"
"amazonbasics","0"
"sheba cat food gravy","0"
"xbix","0"
"kanneh mason","0"
"small chopping board","0"
"new baby girl gift","0"
"neos smartcam","0"
"best gifts for 6 year old girls","0"
"milton lloyd","0"
"kids anatomy book","0"
"bivvy heater","0"
"vtech crawl n learn ball","0"
"erbauer light","0"
"kids learning toys","0"
"miracle grow","0"
"nulaxy laptop stand","0"
"toe by toe","0"
"estrogen cream","0"
"victoria hislop one august night","0"
"eye primer","0"
"memory foam seat cushion","0"
"needle and thread","0"
"christmas t shirt","0"
"1 year old boys toys","0"
"baby gates for kids","0"
"usn","0"
"canvas painting","0"
"webbing belt","0"
"4k 144hz","0"
"towel and toilet roll holder set","0"
"z flip","0"
"trainer socks","0"
"comando hook","0"
"star wars bandana","0"
"paw patrol dino patroller","0"
"mens underwear multipack","0"
"memory sticks 32gb","0"
"marvel wallet","0"
"dj mixer","0"
"apple ipods earphones wireless","0"
"macushield","0"
"70% alcohol hand sanitiser","0"
"the handmaids tale series 1","0"
"tree guard","0"
"harris gin","0"
"i hate suzie","0"
"viz annual 2021","0"
"acrylic white paint","0"
"door garland","0"
"sahara","0"
"dirt 5 xbox series x","0"
"dressing table chairs","0"
"woman slippers","0"
"strangers","0"
"dolls cots and cribs","0"
"nan necklace","0"
"easel","0"
"free kindle books romance","0"
"spy kids","0"
"celestron telescope","0"
"marvel figures","0"
"butterflies dvd","0"
"gel nail polishes set","0"
"grow egg","0"
"8ft christmas tree","0"
"4 aperture photo frame","0"
"mini tripod","0"
"stuart macbride logan mcrae books in order","0"
"ear bud","0"
"sage bean to cup coffee machine","0"
"double sided grill pan","0"
"garden pegs","0"
"naruto season 1","0"
"one million","0"
"noodle bowl","0"
"kids joke book","0"
"transformer toy","0"
"socks mens","0"
"liz earle toner","0"
"teng socket set","0"
"football factory","0"
"cheerleader pom poms","0"
"cyprus","0"
"document scanners","0"
"tallon diary 2021","0"
"phone tripod holder","0"
"waterproof rucksack","0"
"a5 picture frame","0"
"compeed blister plasters","0"
"dish drying rack","0"
"book of dust","0"
"sandalwood soap","0"
"pinatas for kids parties","0"
"kids washing machines","0"
"men's outdoor fleece jackets","0"
"sci-fi","0"
"christmas tree window stickers","0"
"samsonite suitcase","0"
"toni and guy hair dryer","0"
"skyrim switch","0"
"moonbase 8","0"
"wedding ring","0"
"magic tree","0"
"red onion","0"
"philip kingsley conditioner","0"
"a4 frame set black","0"
"vented tumble dryers","0"
"medipaq","0"
"staffy gifts","0"
"style council long hot summers cd","0"
"timer plugs","0"
"harry bear","0"
"brewdog advent calendar 2020","0"
"funny christmas decorations","0"
"thermal leggings women","0"
"orgeat syrup","0"
"navy cushion","0"
"riddles for kids","0"
"boho cushion covers","0"
"red baubles christmas decorations","0"
"gold spray paint craft","0"
"unicorn keyring","0"
"mother gifts","0"
"pixel 3a screen protector","0"
"alfaparf","0"
"weights buy","0"
"shrinky dinks","0"
"sony bravia 55 inch 4k","0"
"stockings christmas","0"
"junior bake off recipe book","0"
"baby presents","0"
"womens safety boots","0"
"anti fog film","0"
"wool cardigans","0"
"play doh wheels","0"
"fags","0"
"ice hockey table","0"
"sparkle","0"
"cheap pyjamas","0"
"barbie club chelsea","0"
"mini moto","0"
"charlton athletic gifts","0"
"healing crystal necklace","0"
"milford collection","0"
"iphone xs phone case","0"
"horrible science books","0"
"pixel art","0"
"leg extension machine","0"
"nintendo lite games","0"
